"HITId","HITTypeId","Title","Description","Keywords","Reward","CreationTime","MaxAssignments","RequesterAnnotation","AssignmentDurationInSeconds","AutoApprovalDelayInSeconds","Expiration","NumberOfSimilarHITs","LifetimeInSeconds","AssignmentId","WorkerId","AssignmentStatus","AcceptTime","SubmitTime","AutoApprovalTime","ApprovalTime","RejectionTime","RequesterFeedback","WorkTimeInSeconds","LifetimeApprovalRate","Last30DaysApprovalRate","Last7DaysApprovalRate","Input.URL","Answer.answer","Approve","Reject"
"338GLSUI43IG6TKQO3Q45D2Z5TKFS9","3KAKS2ULSER7HUX5SI4NVOBNM9NTMC","Participate in a linguistic experiment","Answer a 15 minute questionnaire","linguistic experiment pictures","$1.50","Tue Dec 06 13:44:08 PST 2016","5","BatchId:2621448;","3600","259200","Tue Dec 13 13:44:08 PST 2016","","","30ZX6P7VF926SGMI3G7KIDD7SWOJ2G","A3SOZYQZWJOOYS","Submitted","Tue Dec 06 13:56:21 PST 2016","Tue Dec 06 14:28:33 PST 2016","Fri Dec 09 14:28:33 PST 2016","","","","1932","0% (0/0)","0% (0/0)","0% (0/0)","http://spellout.net/ibexexps/nadine/IEintrospectionA/experiment.html","A3SOZYQZWJOOYS"
"338GLSUI43IG6TKQO3Q45D2Z5TKFS9","3KAKS2ULSER7HUX5SI4NVOBNM9NTMC","Participate in a linguistic experiment","Answer a 15 minute questionnaire","linguistic experiment pictures","$1.50","Tue Dec 06 13:44:08 PST 2016","5","BatchId:2621448;","3600","259200","Tue Dec 13 13:44:08 PST 2016","","","3D8YOU6S9FR3OXGD2HN1FS3UPHO6UG","A2NA2OJT15COZY","Submitted","Tue Dec 06 13:45:31 PST 2016","Tue Dec 06 14:12:09 PST 2016","Fri Dec 09 14:12:09 PST 2016","","","","1598","100% (9/9)","0% (0/0)","0% (0/0)","http://spellout.net/ibexexps/nadine/IEintrospectionA/experiment.html","A2NA2OJT15COZY"
"338GLSUI43IG6TKQO3Q45D2Z5TKFS9","3KAKS2ULSER7HUX5SI4NVOBNM9NTMC","Participate in a linguistic experiment","Answer a 15 minute questionnaire","linguistic experiment pictures","$1.50","Tue Dec 06 13:44:08 PST 2016","5","BatchId:2621448;","3600","259200","Tue Dec 13 13:44:08 PST 2016","","","3KYQYYSHYWE7W1BVGIJ6MSLXOHNODD","AQ2INPVVXR1G0","Submitted","Tue Dec 06 13:46:12 PST 2016","Tue Dec 06 13:57:50 PST 2016","Fri Dec 09 13:57:50 PST 2016","","","","698","100% (2/2)","0% (0/0)","0% (0/0)","http://spellout.net/ibexexps/nadine/IEintrospectionA/experiment.html","AQ2INPVVXR1G0"
"338GLSUI43IG6TKQO3Q45D2Z5TKFS9","3KAKS2ULSER7HUX5SI4NVOBNM9NTMC","Participate in a linguistic experiment","Answer a 15 minute questionnaire","linguistic experiment pictures","$1.50","Tue Dec 06 13:44:08 PST 2016","5","BatchId:2621448;","3600","259200","Tue Dec 13 13:44:08 PST 2016","","","3XC1O3LBOTT6754VPG3TZFZPWY6LTC","A149ROBL26JWPJ","Submitted","Tue Dec 06 13:45:52 PST 2016","Tue Dec 06 14:30:10 PST 2016","Fri Dec 09 14:30:10 PST 2016","","","","2658","100% (4/4)","100% (1/1)","0% (0/0)","http://spellout.net/ibexexps/nadine/IEintrospectionA/experiment.html","A149ROBL26JWPJ"
"338GLSUI43IG6TKQO3Q45D2Z5TKFS9","3KAKS2ULSER7HUX5SI4NVOBNM9NTMC","Participate in a linguistic experiment","Answer a 15 minute questionnaire","linguistic experiment pictures","$1.50","Tue Dec 06 13:44:08 PST 2016","5","BatchId:2621448;","3600","259200","Tue Dec 13 13:44:08 PST 2016","","","3YMU66OBIOF0G4ZZEVPO84RTPNPHGS","A2JZP4AZI1RTG4","Submitted","Tue Dec 06 13:45:56 PST 2016","Tue Dec 06 13:54:33 PST 2016","Fri Dec 09 13:54:33 PST 2016","","","","517","100% (1/1)","100% (1/1)","0% (0/0)","http://spellout.net/ibexexps/nadine/IEintrospectionA/experiment.html","A2JZP4AZI1RTG4"
"375VMB7D4JQUEV3YSL10DBTRKI2ID9","3KAKS2ULSER7HUX5SI4NVOBNM9NTMC","Participate in a linguistic experiment","Answer a 15 minute questionnaire","linguistic experiment pictures","$1.50","Tue Dec 06 13:44:08 PST 2016","5","BatchId:2621448;","3600","259200","Tue Dec 13 13:44:08 PST 2016","","","31HQ4X3T3TH5S5RG0GY3PA33UFSLSN","A2G7N0X0PNX0EE","Submitted","Tue Dec 06 13:45:56 PST 2016","Tue Dec 06 14:03:26 PST 2016","Fri Dec 09 14:03:26 PST 2016","","","","1050","100% (6/6)","100% (1/1)","100% (1/1)","http://spellout.net/ibexexps/nadine/IEintrospectionB/experiment.html","A2G7N0X0PNX0EE"
"375VMB7D4JQUEV3YSL10DBTRKI2ID9","3KAKS2ULSER7HUX5SI4NVOBNM9NTMC","Participate in a linguistic experiment","Answer a 15 minute questionnaire","linguistic experiment pictures","$1.50","Tue Dec 06 13:44:08 PST 2016","5","BatchId:2621448;","3600","259200","Tue Dec 13 13:44:08 PST 2016","","","3DBQWDE4Y75UA3WQ0X1A9RX0LQLN5Q","A2B6WQG0A9CKXQ","Submitted","Tue Dec 06 14:34:23 PST 2016","Tue Dec 06 15:21:09 PST 2016","Fri Dec 09 15:21:09 PST 2016","","","","2806","0% (0/0)","0% (0/0)","0% (0/0)","http://spellout.net/ibexexps/nadine/IEintrospectionB/experiment.html","A2B6WQG0A9CKXQ"
"375VMB7D4JQUEV3YSL10DBTRKI2ID9","3KAKS2ULSER7HUX5SI4NVOBNM9NTMC","Participate in a linguistic experiment","Answer a 15 minute questionnaire","linguistic experiment pictures","$1.50","Tue Dec 06 13:44:08 PST 2016","5","BatchId:2621448;","3600","259200","Tue Dec 13 13:44:08 PST 2016","","","3FTF2T8WLSP3YK7GVO5EHQFT0Y79WT","A1JXSNKXAXT9OU","Submitted","Tue Dec 06 13:45:46 PST 2016","Tue Dec 06 14:12:12 PST 2016","Fri Dec 09 14:12:12 PST 2016","","","","1586","0% (0/0)","0% (0/0)","0% (0/0)","http://spellout.net/ibexexps/nadine/IEintrospectionB/experiment.html","A1JXSNKXAXT9OU"
"375VMB7D4JQUEV3YSL10DBTRKI2ID9","3KAKS2ULSER7HUX5SI4NVOBNM9NTMC","Participate in a linguistic experiment","Answer a 15 minute questionnaire","linguistic experiment pictures","$1.50","Tue Dec 06 13:44:08 PST 2016","5","BatchId:2621448;","3600","259200","Tue Dec 13 13:44:08 PST 2016","","","3JAOYWH7VJBNNQVHRAYC8FYD2R39L0","A13FXMMPTZUVRP","Submitted","Tue Dec 06 13:45:49 PST 2016","Tue Dec 06 13:52:04 PST 2016","Fri Dec 09 13:52:04 PST 2016","","","","375","0% (0/0)","0% (0/0)","0% (0/0)","http://spellout.net/ibexexps/nadine/IEintrospectionB/experiment.html","A13FXMMPTZUVRP"
"375VMB7D4JQUEV3YSL10DBTRKI2ID9","3KAKS2ULSER7HUX5SI4NVOBNM9NTMC","Participate in a linguistic experiment","Answer a 15 minute questionnaire","linguistic experiment pictures","$1.50","Tue Dec 06 13:44:08 PST 2016","5","BatchId:2621448;","3600","259200","Tue Dec 13 13:44:08 PST 2016","","","3S4AW7T80CPMQKP5AF2LR7NXGZP4LZ","A55CXM7QR7R0N","Submitted","Tue Dec 06 13:45:39 PST 2016","Tue Dec 06 14:00:58 PST 2016","Fri Dec 09 14:00:58 PST 2016","","","","919","100% (1/1)","100% (1/1)","0% (0/0)","http://spellout.net/ibexexps/nadine/IEintrospectionB/experiment.html","A55CXM7QR7R0N"
"37J05LC5AXQQ96N4A3M0PC8RXXRDJG","3KAKS2ULSER7HUX5SI4NVOBNM9NTMC","Participate in a linguistic experiment","Answer a 15 minute questionnaire","linguistic experiment pictures","$1.50","Tue Dec 06 13:44:08 PST 2016","5","BatchId:2621448;","3600","259200","Tue Dec 13 13:44:08 PST 2016","","","308Q0PEVB9KLXPNB671ZGZ6LLN99IM","A3L0DCUXI7X3A9","Submitted","Tue Dec 06 14:45:42 PST 2016","Tue Dec 06 14:59:32 PST 2016","Fri Dec 09 14:59:32 PST 2016","","","","830","0% (0/0)","0% (0/0)","0% (0/0)","http://spellout.net/ibexexps/nadine/IEintrospectionA/experiment.html","A3L0DCUXI7X3A9"
"37J05LC5AXQQ96N4A3M0PC8RXXRDJG","3KAKS2ULSER7HUX5SI4NVOBNM9NTMC","Participate in a linguistic experiment","Answer a 15 minute questionnaire","linguistic experiment pictures","$1.50","Tue Dec 06 13:44:08 PST 2016","5","BatchId:2621448;","3600","259200","Tue Dec 13 13:44:08 PST 2016","","","32UTUBMZ7H397OM83YEEMUR5HP8BVV","A1A3TGZ7DKJWRW","Submitted","Tue Dec 06 13:45:39 PST 2016","Tue Dec 06 13:55:04 PST 2016","Fri Dec 09 13:55:04 PST 2016","","","","565","100% (4/4)","0% (0/0)","0% (0/0)","http://spellout.net/ibexexps/nadine/IEintrospectionA/experiment.html","A1A3TGZ7DKJWRW"
"37J05LC5AXQQ96N4A3M0PC8RXXRDJG","3KAKS2ULSER7HUX5SI4NVOBNM9NTMC","Participate in a linguistic experiment","Answer a 15 minute questionnaire","linguistic experiment pictures","$1.50","Tue Dec 06 13:44:08 PST 2016","5","BatchId:2621448;","3600","259200","Tue Dec 13 13:44:08 PST 2016","","","39N5ACM9HFUDEBAFJ2RJPW7X7149PY","A19IWME4DCIU1H","Submitted","Tue Dec 06 13:45:36 PST 2016","Tue Dec 06 13:54:23 PST 2016","Fri Dec 09 13:54:23 PST 2016","","","","527","0% (0/0)","0% (0/0)","0% (0/0)","http://spellout.net/ibexexps/nadine/IEintrospectionA/experiment.html","A19IWME4DCIU1H"
"37J05LC5AXQQ96N4A3M0PC8RXXRDJG","3KAKS2ULSER7HUX5SI4NVOBNM9NTMC","Participate in a linguistic experiment","Answer a 15 minute questionnaire","linguistic experiment pictures","$1.50","Tue Dec 06 13:44:08 PST 2016","5","BatchId:2621448;","3600","259200","Tue Dec 13 13:44:08 PST 2016","","","3M0NZ3JDP25ORSA93LC44E49V4SZ5I","A34SUZWGLXIWM8","Submitted","Tue Dec 06 14:18:57 PST 2016","Tue Dec 06 14:55:16 PST 2016","Fri Dec 09 14:55:16 PST 2016","","","","2179","100% (1/1)","0% (0/0)","0% (0/0)","http://spellout.net/ibexexps/nadine/IEintrospectionA/experiment.html","A34SUZWGLXIWM8"
"37J05LC5AXQQ96N4A3M0PC8RXXRDJG","3KAKS2ULSER7HUX5SI4NVOBNM9NTMC","Participate in a linguistic experiment","Answer a 15 minute questionnaire","linguistic experiment pictures","$1.50","Tue Dec 06 13:44:08 PST 2016","5","BatchId:2621448;","3600","259200","Tue Dec 13 13:44:08 PST 2016","","","3OS46CRSLG631C5D77X6BE5D3OX6V5","A1BC3AJMYEW5CQ","Submitted","Tue Dec 06 13:45:37 PST 2016","Tue Dec 06 13:56:24 PST 2016","Fri Dec 09 13:56:24 PST 2016","","","","647","0% (0/0)","0% (0/0)","0% (0/0)","http://spellout.net/ibexexps/nadine/IEintrospectionA/experiment.html","A1BC3AJMYEW5CQ"
"30U1YOGZGA3J896UXXVEHDZETG4SDB","3KAKS2ULSER7HUX5SI4NVOBNM9NTMC","Participate in a linguistic experiment","Answer a 15 minute questionnaire","linguistic experiment pictures","$1.50","Tue Dec 06 13:44:08 PST 2016","5","BatchId:2621448;","3600","259200","Tue Dec 13 13:44:08 PST 2016","","","3I33IC7ZWG9VRNJE9AU7PEAO29UA2R","A21H2UDDHN8ZF","Submitted","Tue Dec 06 13:46:11 PST 2016","Tue Dec 06 14:37:29 PST 2016","Fri Dec 09 14:37:29 PST 2016","","","","3078","100% (1/1)","0% (0/0)","0% (0/0)","http://spellout.net/ibexexps/nadine/IEintrospectionB/experiment.html","A21H2UDDHN8ZF"
"30U1YOGZGA3J896UXXVEHDZETG4SDB","3KAKS2ULSER7HUX5SI4NVOBNM9NTMC","Participate in a linguistic experiment","Answer a 15 minute questionnaire","linguistic experiment pictures","$1.50","Tue Dec 06 13:44:08 PST 2016","5","BatchId:2621448;","3600","259200","Tue Dec 13 13:44:08 PST 2016","","","3LBXNTKX0S2INKC65T10J9T090D9XM","A3083883A6RJES","Submitted","Tue Dec 06 13:45:49 PST 2016","Tue Dec 06 14:34:59 PST 2016","Fri Dec 09 14:34:59 PST 2016","","","","2950","100% (2/2)","100% (1/1)","0% (0/0)","http://spellout.net/ibexexps/nadine/IEintrospectionB/experiment.html","A3083883A6RJES"
"30U1YOGZGA3J896UXXVEHDZETG4SDB","3KAKS2ULSER7HUX5SI4NVOBNM9NTMC","Participate in a linguistic experiment","Answer a 15 minute questionnaire","linguistic experiment pictures","$1.50","Tue Dec 06 13:44:08 PST 2016","5","BatchId:2621448;","3600","259200","Tue Dec 13 13:44:08 PST 2016","","","3M0BCWMB8W3MMDMDT8JA8WAJOYABW5","A2YCMT5BPA0AG9","Submitted","Tue Dec 06 13:45:40 PST 2016","Tue Dec 06 14:00:56 PST 2016","Fri Dec 09 14:00:56 PST 2016","","","","916","100% (2/2)","100% (1/1)","100% (1/1)","http://spellout.net/ibexexps/nadine/IEintrospectionB/experiment.html","A2YCMT5BPA0AG9"
"30U1YOGZGA3J896UXXVEHDZETG4SDB","3KAKS2ULSER7HUX5SI4NVOBNM9NTMC","Participate in a linguistic experiment","Answer a 15 minute questionnaire","linguistic experiment pictures","$1.50","Tue Dec 06 13:44:08 PST 2016","5","BatchId:2621448;","3600","259200","Tue Dec 13 13:44:08 PST 2016","","","3NAPMVF0ZXMD8LLG27INFN8Y11O72X","A1KAGE2AVL6ZGO","Submitted","Tue Dec 06 13:45:50 PST 2016","Tue Dec 06 13:58:29 PST 2016","Fri Dec 09 13:58:29 PST 2016","","","","759","100% (1/1)","0% (0/0)","0% (0/0)","http://spellout.net/ibexexps/nadine/IEintrospectionB/experiment.html","A1KAGE2AVL6ZGO"
"30U1YOGZGA3J896UXXVEHDZETG4SDB","3KAKS2ULSER7HUX5SI4NVOBNM9NTMC","Participate in a linguistic experiment","Answer a 15 minute questionnaire","linguistic experiment pictures","$1.50","Tue Dec 06 13:44:08 PST 2016","5","BatchId:2621448;","3600","259200","Tue Dec 13 13:44:08 PST 2016","","","3SITXWYCNWG1BDR33DFWAFOQX0GBXY","A39E9936894TJR","Submitted","Tue Dec 06 13:45:44 PST 2016","Tue Dec 06 14:21:00 PST 2016","Fri Dec 09 14:21:00 PST 2016","","","","2116","0% (0/0)","0% (0/0)","0% (0/0)","http://spellout.net/ibexexps/nadine/IEintrospectionB/experiment.html","A39E9936894TJR"
"32K26U12DNVZ01NYRS0JS0JLSKYVDJ","3KAKS2ULSER7HUX5SI4NVOBNM9NTMC","Participate in a linguistic experiment","Answer a 15 minute questionnaire","linguistic experiment pictures","$1.50","Tue Dec 06 13:44:08 PST 2016","5","BatchId:2621448;","3600","259200","Tue Dec 13 13:44:08 PST 2016","","","37TRT2X24RY0GTMEM90VJ6GBM21JBI","A1NOR6E0WT0Y14","Submitted","Tue Dec 06 13:46:00 PST 2016","Tue Dec 06 13:57:39 PST 2016","Fri Dec 09 13:57:39 PST 2016","","","","699","100% (1/1)","0% (0/0)","0% (0/0)","http://spellout.net/ibexexps/nadine/IEintrospectionA/experiment.html","A1NOR6E0WT0Y14"
"32K26U12DNVZ01NYRS0JS0JLSKYVDJ","3KAKS2ULSER7HUX5SI4NVOBNM9NTMC","Participate in a linguistic experiment","Answer a 15 minute questionnaire","linguistic experiment pictures","$1.50","Tue Dec 06 13:44:08 PST 2016","5","BatchId:2621448;","3600","259200","Tue Dec 13 13:44:08 PST 2016","","","39GAF6DQWS78UQ4G11LPGIEWVDH1V2","A2P065E9CYMYJL","Submitted","Tue Dec 06 13:45:33 PST 2016","Tue Dec 06 13:56:35 PST 2016","Fri Dec 09 13:56:35 PST 2016","","","","662","100% (4/4)","0% (0/0)","0% (0/0)","http://spellout.net/ibexexps/nadine/IEintrospectionA/experiment.html","A2P065E9CYMYJL"
"32K26U12DNVZ01NYRS0JS0JLSKYVDJ","3KAKS2ULSER7HUX5SI4NVOBNM9NTMC","Participate in a linguistic experiment","Answer a 15 minute questionnaire","linguistic experiment pictures","$1.50","Tue Dec 06 13:44:08 PST 2016","5","BatchId:2621448;","3600","259200","Tue Dec 13 13:44:08 PST 2016","","","3NL0RFNU0GUB6E7NPFQKC7AIRZK4KW","A1IIFA2HZR0I97","Submitted","Tue Dec 06 14:03:42 PST 2016","Tue Dec 06 14:20:18 PST 2016","Fri Dec 09 14:20:18 PST 2016","","","","996","0% (0/0)","0% (0/0)","0% (0/0)","http://spellout.net/ibexexps/nadine/IEintrospectionA/experiment.html","A1IIFA2HZR0I97"
"32K26U12DNVZ01NYRS0JS0JLSKYVDJ","3KAKS2ULSER7HUX5SI4NVOBNM9NTMC","Participate in a linguistic experiment","Answer a 15 minute questionnaire","linguistic experiment pictures","$1.50","Tue Dec 06 13:44:08 PST 2016","5","BatchId:2621448;","3600","259200","Tue Dec 13 13:44:08 PST 2016","","","3P1L2B7AD2WQUDZNTZHU55T2XQPLOQ","A3CWEIEY3TGJFX","Submitted","Tue Dec 06 13:55:16 PST 2016","Tue Dec 06 14:05:12 PST 2016","Fri Dec 09 14:05:12 PST 2016","","","","596","0% (0/0)","0% (0/0)","0% (0/0)","http://spellout.net/ibexexps/nadine/IEintrospectionA/experiment.html","A3CWEIEY3TGJFX"
"32K26U12DNVZ01NYRS0JS0JLSKYVDJ","3KAKS2ULSER7HUX5SI4NVOBNM9NTMC","Participate in a linguistic experiment","Answer a 15 minute questionnaire","linguistic experiment pictures","$1.50","Tue Dec 06 13:44:08 PST 2016","5","BatchId:2621448;","3600","259200","Tue Dec 13 13:44:08 PST 2016","","","3YW4XOSQKRS8HBFGWBBKKWCDH681UD","AE3ZOTZGH91EN","Submitted","Tue Dec 06 13:45:38 PST 2016","Tue Dec 06 13:55:04 PST 2016","Fri Dec 09 13:55:04 PST 2016","","","","566","0% (0/0)","0% (0/0)","0% (0/0)","http://spellout.net/ibexexps/nadine/IEintrospectionA/experiment.html","AE3ZOTZGH91EN"
"3ZXNP4Z39RSGNNAUMBVR5ZBNFBTL7X","3KAKS2ULSER7HUX5SI4NVOBNM9NTMC","Participate in a linguistic experiment","Answer a 15 minute questionnaire","linguistic experiment pictures","$1.50","Tue Dec 06 13:44:08 PST 2016","5","BatchId:2621448;","3600","259200","Tue Dec 13 13:44:08 PST 2016","","","37UEWGM5HUFG1JNZSHGFFLPTA74R1Z","AVD6HMIO1HLFI","Submitted","Tue Dec 06 13:46:02 PST 2016","Tue Dec 06 14:13:15 PST 2016","Fri Dec 09 14:13:15 PST 2016","","","","1633","100% (1/1)","0% (0/0)","0% (0/0)","http://spellout.net/ibexexps/nadine/IEintrospectionB/experiment.html","AVD6HMIO1HLFI"
"3ZXNP4Z39RSGNNAUMBVR5ZBNFBTL7X","3KAKS2ULSER7HUX5SI4NVOBNM9NTMC","Participate in a linguistic experiment","Answer a 15 minute questionnaire","linguistic experiment pictures","$1.50","Tue Dec 06 13:44:08 PST 2016","5","BatchId:2621448;","3600","259200","Tue Dec 13 13:44:08 PST 2016","","","3F1567XTNXCYENBUJF68P1X7CXQ9QP","A7KLTVEIASF4J","Submitted","Tue Dec 06 13:45:38 PST 2016","Tue Dec 06 13:55:26 PST 2016","Fri Dec 09 13:55:26 PST 2016","","","","588","100% (1/1)","0% (0/0)","0% (0/0)","http://spellout.net/ibexexps/nadine/IEintrospectionB/experiment.html","A7KLTVEIASF4J"
"3ZXNP4Z39RSGNNAUMBVR5ZBNFBTL7X","3KAKS2ULSER7HUX5SI4NVOBNM9NTMC","Participate in a linguistic experiment","Answer a 15 minute questionnaire","linguistic experiment pictures","$1.50","Tue Dec 06 13:44:08 PST 2016","5","BatchId:2621448;","3600","259200","Tue Dec 13 13:44:08 PST 2016","","","3GD6L00D3T4P43A7N9KYTMVJ4K5M16","A3U761PEG7MFKT","Submitted","Tue Dec 06 13:46:07 PST 2016","Tue Dec 06 14:23:40 PST 2016","Fri Dec 09 14:23:40 PST 2016","","","","2253","0% (0/0)","0% (0/0)","0% (0/0)","http://spellout.net/ibexexps/nadine/IEintrospectionB/experiment.html","A3U761PEG7MFKT"
"3ZXNP4Z39RSGNNAUMBVR5ZBNFBTL7X","3KAKS2ULSER7HUX5SI4NVOBNM9NTMC","Participate in a linguistic experiment","Answer a 15 minute questionnaire","linguistic experiment pictures","$1.50","Tue Dec 06 13:44:08 PST 2016","5","BatchId:2621448;","3600","259200","Tue Dec 13 13:44:08 PST 2016","","","3K9FOBBF2IQ8CSZBSKHHQGTX7GKLNB","A2AJ5QFNC9KF43","Submitted","Tue Dec 06 13:45:33 PST 2016","Tue Dec 06 14:28:16 PST 2016","Fri Dec 09 14:28:16 PST 2016","","","","2563","100% (1/1)","0% (0/0)","0% (0/0)","http://spellout.net/ibexexps/nadine/IEintrospectionB/experiment.html","A2AJ5QFNC9KF43"
"3ZXNP4Z39RSGNNAUMBVR5ZBNFBTL7X","3KAKS2ULSER7HUX5SI4NVOBNM9NTMC","Participate in a linguistic experiment","Answer a 15 minute questionnaire","linguistic experiment pictures","$1.50","Tue Dec 06 13:44:08 PST 2016","5","BatchId:2621448;","3600","259200","Tue Dec 13 13:44:08 PST 2016","","","3WZ36BJEV4NUUWIJY3EZLC3KK4SBTF","AK7NIT4IJ8X6D","Submitted","Tue Dec 06 13:45:33 PST 2016","Tue Dec 06 14:23:00 PST 2016","Fri Dec 09 14:23:00 PST 2016","","","","2247","0% (0/0)","0% (0/0)","0% (0/0)","http://spellout.net/ibexexps/nadine/IEintrospectionB/experiment.html","AK7NIT4IJ8X6D"
"3LCXHSGDLTDO0FKUTS6YNVHZTS5SE4","3KAKS2ULSER7HUX5SI4NVOBNM9NTMC","Participate in a linguistic experiment","Answer a 15 minute questionnaire","linguistic experiment pictures","$1.50","Tue Dec 06 13:44:08 PST 2016","5","BatchId:2621448;","3600","259200","Tue Dec 13 13:44:08 PST 2016","","","33F859I567K4PNROY9XA7T0W9AXHBB","A2IVR10TPRZ4WT","Submitted","Tue Dec 06 14:45:50 PST 2016","Tue Dec 06 15:31:20 PST 2016","Fri Dec 09 15:31:20 PST 2016","","","","2730","100% (1/1)","100% (1/1)","0% (0/0)","http://spellout.net/ibexexps/nadine/IEintrospectionA/experiment.html","A2IVR10TPRZ4WT"
"3LCXHSGDLTDO0FKUTS6YNVHZTS5SE4","3KAKS2ULSER7HUX5SI4NVOBNM9NTMC","Participate in a linguistic experiment","Answer a 15 minute questionnaire","linguistic experiment pictures","$1.50","Tue Dec 06 13:44:08 PST 2016","5","BatchId:2621448;","3600","259200","Tue Dec 13 13:44:08 PST 2016","","","37Q970SNZFFS2YNC76GK5VUPW9N1SX","ATMQRDBW7WM1Z","Submitted","Tue Dec 06 14:24:39 PST 2016","Tue Dec 06 15:00:12 PST 2016","Fri Dec 09 15:00:12 PST 2016","","","","2133","0% (0/0)","0% (0/0)","0% (0/0)","http://spellout.net/ibexexps/nadine/IEintrospectionA/experiment.html","ATMQRDBW7WM1Z"
"3LCXHSGDLTDO0FKUTS6YNVHZTS5SE4","3KAKS2ULSER7HUX5SI4NVOBNM9NTMC","Participate in a linguistic experiment","Answer a 15 minute questionnaire","linguistic experiment pictures","$1.50","Tue Dec 06 13:44:08 PST 2016","5","BatchId:2621448;","3600","259200","Tue Dec 13 13:44:08 PST 2016","","","37UEWGM5HUFG1JNZSHGFFLPTA741R9","APITQRRX2PADB","Submitted","Tue Dec 06 13:45:36 PST 2016","Tue Dec 06 13:52:18 PST 2016","Fri Dec 09 13:52:18 PST 2016","","","","402","0% (0/0)","0% (0/0)","0% (0/0)","http://spellout.net/ibexexps/nadine/IEintrospectionA/experiment.html","APITQRRX2PADB"
"3LCXHSGDLTDO0FKUTS6YNVHZTS5SE4","3KAKS2ULSER7HUX5SI4NVOBNM9NTMC","Participate in a linguistic experiment","Answer a 15 minute questionnaire","linguistic experiment pictures","$1.50","Tue Dec 06 13:44:08 PST 2016","5","BatchId:2621448;","3600","259200","Tue Dec 13 13:44:08 PST 2016","","","3EFVCAY5L4GHEVO7JXGLS4QAEWGJ8J","A2O7H7VXLFN6BP","Submitted","Tue Dec 06 13:45:45 PST 2016","Tue Dec 06 14:23:39 PST 2016","Fri Dec 09 14:23:39 PST 2016","","","","2274","0% (0/0)","0% (0/0)","0% (0/0)","http://spellout.net/ibexexps/nadine/IEintrospectionA/experiment.html","A2O7H7VXLFN6BP"
"3LCXHSGDLTDO0FKUTS6YNVHZTS5SE4","3KAKS2ULSER7HUX5SI4NVOBNM9NTMC","Participate in a linguistic experiment","Answer a 15 minute questionnaire","linguistic experiment pictures","$1.50","Tue Dec 06 13:44:08 PST 2016","5","BatchId:2621448;","3600","259200","Tue Dec 13 13:44:08 PST 2016","","","3K3R2QNK8CAQ6GIB0OQDZ2UWFIW9UU","A3BXT78QXFC6F3","Submitted","Tue Dec 06 13:45:49 PST 2016","Tue Dec 06 14:00:10 PST 2016","Fri Dec 09 14:00:10 PST 2016","","","","861","0% (0/0)","0% (0/0)","0% (0/0)","http://spellout.net/ibexexps/nadine/IEintrospectionA/experiment.html","A3BXT78QXFC6F3"
"3Z3R5YC0P3UHLTX5D3VUFIYL7CYFTY","3KAKS2ULSER7HUX5SI4NVOBNM9NTMC","Participate in a linguistic experiment","Answer a 15 minute questionnaire","linguistic experiment pictures","$1.50","Tue Dec 06 13:44:08 PST 2016","5","BatchId:2621448;","3600","259200","Tue Dec 13 13:44:08 PST 2016","","","320DUZ38G8TW7AUP2VS9KH782FTJGZ","A2GS41OJ2X0HJ8","Submitted","Tue Dec 06 13:46:16 PST 2016","Tue Dec 06 13:59:02 PST 2016","Fri Dec 09 13:59:02 PST 2016","","","","766","0% (0/0)","0% (0/0)","0% (0/0)","http://spellout.net/ibexexps/nadine/IEintrospectionB/experiment.html","A2GS41OJ2X0HJ8"
"3Z3R5YC0P3UHLTX5D3VUFIYL7CYFTY","3KAKS2ULSER7HUX5SI4NVOBNM9NTMC","Participate in a linguistic experiment","Answer a 15 minute questionnaire","linguistic experiment pictures","$1.50","Tue Dec 06 13:44:08 PST 2016","5","BatchId:2621448;","3600","259200","Tue Dec 13 13:44:08 PST 2016","","","3OJSZ2ATDT357I43KQKLDUBALBF75Y","A3KX8PBHVFQZ3U","Submitted","Tue Dec 06 13:48:31 PST 2016","Tue Dec 06 14:13:12 PST 2016","Fri Dec 09 14:13:12 PST 2016","","","","1481","0% (0/0)","0% (0/0)","0% (0/0)","http://spellout.net/ibexexps/nadine/IEintrospectionB/experiment.html","A3KX8PBHVFQZ3U"
"3Z3R5YC0P3UHLTX5D3VUFIYL7CYFTY","3KAKS2ULSER7HUX5SI4NVOBNM9NTMC","Participate in a linguistic experiment","Answer a 15 minute questionnaire","linguistic experiment pictures","$1.50","Tue Dec 06 13:44:08 PST 2016","5","BatchId:2621448;","3600","259200","Tue Dec 13 13:44:08 PST 2016","","","3OONKJ5DKDQEH4DB2MS0R2XXLWBOB6","A1MYDAL453CN5Q","Submitted","Tue Dec 06 15:08:51 PST 2016","Tue Dec 06 15:23:11 PST 2016","Fri Dec 09 15:23:11 PST 2016","","","","860","0% (0/0)","0% (0/0)","0% (0/0)","http://spellout.net/ibexexps/nadine/IEintrospectionB/experiment.html","A1MYDAL453CN5Q"
"3Z3R5YC0P3UHLTX5D3VUFIYL7CYFTY","3KAKS2ULSER7HUX5SI4NVOBNM9NTMC","Participate in a linguistic experiment","Answer a 15 minute questionnaire","linguistic experiment pictures","$1.50","Tue Dec 06 13:44:08 PST 2016","5","BatchId:2621448;","3600","259200","Tue Dec 13 13:44:08 PST 2016","","","3QBD8R3Z22QUW5S2N7IDJORRB4U4OG","A2NL38BFEE3BVY","Submitted","Tue Dec 06 13:46:19 PST 2016","Tue Dec 06 14:24:49 PST 2016","Fri Dec 09 14:24:49 PST 2016","","","","2310","100% (1/1)","0% (0/0)","0% (0/0)","http://spellout.net/ibexexps/nadine/IEintrospectionB/experiment.html","A2NL38BFEE3BVY"
"3Z3R5YC0P3UHLTX5D3VUFIYL7CYFTY","3KAKS2ULSER7HUX5SI4NVOBNM9NTMC","Participate in a linguistic experiment","Answer a 15 minute questionnaire","linguistic experiment pictures","$1.50","Tue Dec 06 13:44:08 PST 2016","5","BatchId:2621448;","3600","259200","Tue Dec 13 13:44:08 PST 2016","","","3TMFV4NEP9L3KFO6QWZ0HUKIGSRW8T","A3P7AXWF57BHNX","Submitted","Tue Dec 06 16:01:57 PST 2016","Tue Dec 06 16:14:56 PST 2016","Fri Dec 09 16:14:56 PST 2016","","","","779","0% (0/0)","0% (0/0)","0% (0/0)","http://spellout.net/ibexexps/nadine/IEintrospectionB/experiment.html","A3P7AXWF57BHNX"
"3TUOHPJXYH4QDWSK826R895RFBCXWX","3KAKS2ULSER7HUX5SI4NVOBNM9NTMC","Participate in a linguistic experiment","Answer a 15 minute questionnaire","linguistic experiment pictures","$1.50","Tue Dec 06 13:44:09 PST 2016","5","BatchId:2621448;","3600","259200","Tue Dec 13 13:44:09 PST 2016","","","304SM51WA4BTFW549399B77YILEBSQ","A20HITED8LB7O5","Submitted","Tue Dec 06 13:45:32 PST 2016","Tue Dec 06 13:57:47 PST 2016","Fri Dec 09 13:57:47 PST 2016","","","","735","0% (0/0)","0% (0/0)","0% (0/0)","http://spellout.net/ibexexps/nadine/IEintrospectionA/experiment.html","A20HITED8LB7O5"
"3TUOHPJXYH4QDWSK826R895RFBCXWX","3KAKS2ULSER7HUX5SI4NVOBNM9NTMC","Participate in a linguistic experiment","Answer a 15 minute questionnaire","linguistic experiment pictures","$1.50","Tue Dec 06 13:44:09 PST 2016","5","BatchId:2621448;","3600","259200","Tue Dec 13 13:44:09 PST 2016","","","35GMH2SV3FOCO7PVCDUQSA3IOTOEOW","A2K94MIAGMDM2W","Submitted","Tue Dec 06 13:45:59 PST 2016","Tue Dec 06 14:00:47 PST 2016","Fri Dec 09 14:00:47 PST 2016","","","","888","0% (0/0)","0% (0/0)","0% (0/0)","http://spellout.net/ibexexps/nadine/IEintrospectionA/experiment.html","A2K94MIAGMDM2W"
"3TUOHPJXYH4QDWSK826R895RFBCXWX","3KAKS2ULSER7HUX5SI4NVOBNM9NTMC","Participate in a linguistic experiment","Answer a 15 minute questionnaire","linguistic experiment pictures","$1.50","Tue Dec 06 13:44:09 PST 2016","5","BatchId:2621448;","3600","259200","Tue Dec 13 13:44:09 PST 2016","","","3CPLWGV3MP6DBQY23NERL7227M39N2","A61GHYNS1DFT7","Submitted","Tue Dec 06 14:04:16 PST 2016","Tue Dec 06 14:18:32 PST 2016","Fri Dec 09 14:18:32 PST 2016","","","","856","100% (1/1)","0% (0/0)","0% (0/0)","http://spellout.net/ibexexps/nadine/IEintrospectionA/experiment.html","A61GHYNS1DFT7"
"3TUOHPJXYH4QDWSK826R895RFBCXWX","3KAKS2ULSER7HUX5SI4NVOBNM9NTMC","Participate in a linguistic experiment","Answer a 15 minute questionnaire","linguistic experiment pictures","$1.50","Tue Dec 06 13:44:09 PST 2016","5","BatchId:2621448;","3600","259200","Tue Dec 13 13:44:09 PST 2016","","","3ERET4BTVNGC3KDZ6AMBTFLYDRY9KX","A2ORPKVJKI0EIO","Submitted","Tue Dec 06 13:45:32 PST 2016","Tue Dec 06 14:06:09 PST 2016","Fri Dec 09 14:06:09 PST 2016","","","","1237","0% (0/0)","0% (0/0)","0% (0/0)","http://spellout.net/ibexexps/nadine/IEintrospectionA/experiment.html","A2ORPKVJKI0EIO"
"3TUOHPJXYH4QDWSK826R895RFBCXWX","3KAKS2ULSER7HUX5SI4NVOBNM9NTMC","Participate in a linguistic experiment","Answer a 15 minute questionnaire","linguistic experiment pictures","$1.50","Tue Dec 06 13:44:09 PST 2016","5","BatchId:2621448;","3600","259200","Tue Dec 13 13:44:09 PST 2016","","","3LJ7UR74RIKCEKSQMSI04ZRMLUP4N1","A3E3OELJKHW58C","Submitted","Tue Dec 06 13:45:45 PST 2016","Tue Dec 06 14:14:48 PST 2016","Fri Dec 09 14:14:48 PST 2016","","","","1743","100% (1/1)","0% (0/0)","0% (0/0)","http://spellout.net/ibexexps/nadine/IEintrospectionA/experiment.html","A3E3OELJKHW58C"
"3SNR5F7R920Z61HYOGCKJTBCKU3IE2","3KAKS2ULSER7HUX5SI4NVOBNM9NTMC","Participate in a linguistic experiment","Answer a 15 minute questionnaire","linguistic experiment pictures","$1.50","Tue Dec 06 13:44:09 PST 2016","5","BatchId:2621448;","3600","259200","Tue Dec 13 13:44:09 PST 2016","","","31Q0U3WYDQM6J03KJ3I9A4YT9VA71G","A3ULZGQA5AQMTD","Submitted","Tue Dec 06 13:45:49 PST 2016","Tue Dec 06 13:51:50 PST 2016","Fri Dec 09 13:51:50 PST 2016","","","","361","0% (0/0)","0% (0/0)","0% (0/0)","http://spellout.net/ibexexps/nadine/IEintrospectionB/experiment.html","A3ULZGQA5AQMTD"
"3SNR5F7R920Z61HYOGCKJTBCKU3IE2","3KAKS2ULSER7HUX5SI4NVOBNM9NTMC","Participate in a linguistic experiment","Answer a 15 minute questionnaire","linguistic experiment pictures","$1.50","Tue Dec 06 13:44:09 PST 2016","5","BatchId:2621448;","3600","259200","Tue Dec 13 13:44:09 PST 2016","","","31T4R4OBOTNQ63DIZ07TR0HKDS1C7B","A312SMN11YLE66","Submitted","Tue Dec 06 13:46:32 PST 2016","Tue Dec 06 14:01:49 PST 2016","Fri Dec 09 14:01:49 PST 2016","","","","917","0% (0/0)","0% (0/0)","0% (0/0)","http://spellout.net/ibexexps/nadine/IEintrospectionB/experiment.html","A312SMN11YLE66"
"3SNR5F7R920Z61HYOGCKJTBCKU3IE2","3KAKS2ULSER7HUX5SI4NVOBNM9NTMC","Participate in a linguistic experiment","Answer a 15 minute questionnaire","linguistic experiment pictures","$1.50","Tue Dec 06 13:44:09 PST 2016","5","BatchId:2621448;","3600","259200","Tue Dec 13 13:44:09 PST 2016","","","337RC3OW069LKX8KUB380XNATJMLVS","A20IA63WXHF683","Submitted","Tue Dec 06 13:46:06 PST 2016","Tue Dec 06 14:26:56 PST 2016","Fri Dec 09 14:26:56 PST 2016","","","","2450","0% (0/0)","0% (0/0)","0% (0/0)","http://spellout.net/ibexexps/nadine/IEintrospectionB/experiment.html","A20IA63WXHF683"
"3SNR5F7R920Z61HYOGCKJTBCKU3IE2","3KAKS2ULSER7HUX5SI4NVOBNM9NTMC","Participate in a linguistic experiment","Answer a 15 minute questionnaire","linguistic experiment pictures","$1.50","Tue Dec 06 13:44:09 PST 2016","5","BatchId:2621448;","3600","259200","Tue Dec 13 13:44:09 PST 2016","","","3AMYWKA6YCT8BSWG6VBSGMB57V0O6L","A288TV72SGDQWE","Submitted","Tue Dec 06 13:45:37 PST 2016","Tue Dec 06 13:56:34 PST 2016","Fri Dec 09 13:56:34 PST 2016","","","","657","100% (1/1)","0% (0/0)","0% (0/0)","http://spellout.net/ibexexps/nadine/IEintrospectionB/experiment.html","A288TV72SGDQWE"
"3SNR5F7R920Z61HYOGCKJTBCKU3IE2","3KAKS2ULSER7HUX5SI4NVOBNM9NTMC","Participate in a linguistic experiment","Answer a 15 minute questionnaire","linguistic experiment pictures","$1.50","Tue Dec 06 13:44:09 PST 2016","5","BatchId:2621448;","3600","259200","Tue Dec 13 13:44:09 PST 2016","","","3DR23U6WE6LS1ZU38UGPMK95N15ETI","A1X1GFV9H8AGSL","Submitted","Tue Dec 06 13:49:04 PST 2016","Tue Dec 06 14:01:02 PST 2016","Fri Dec 09 14:01:02 PST 2016","","","","718","0% (0/0)","0% (0/0)","0% (0/0)","http://spellout.net/ibexexps/nadine/IEintrospectionB/experiment.html","A1X1GFV9H8AGSL"
"344M16OZKIMRK2SPLWPCO17T6TXNEN","3KAKS2ULSER7HUX5SI4NVOBNM9NTMC","Participate in a linguistic experiment","Answer a 15 minute questionnaire","linguistic experiment pictures","$1.50","Tue Dec 06 13:44:09 PST 2016","5","BatchId:2621448;","3600","259200","Tue Dec 13 13:44:09 PST 2016","","","324G5B4FB4F6CBI2NKE9WZFJ43470D","A24G5XZLX3RDE2","Submitted","Tue Dec 06 13:45:43 PST 2016","Tue Dec 06 13:59:04 PST 2016","Fri Dec 09 13:59:04 PST 2016","","","","801","0% (0/0)","0% (0/0)","0% (0/0)","http://spellout.net/ibexexps/nadine/IEintrospectionA/experiment.html","A24G5XZLX3RDE2"
"344M16OZKIMRK2SPLWPCO17T6TXNEN","3KAKS2ULSER7HUX5SI4NVOBNM9NTMC","Participate in a linguistic experiment","Answer a 15 minute questionnaire","linguistic experiment pictures","$1.50","Tue Dec 06 13:44:09 PST 2016","5","BatchId:2621448;","3600","259200","Tue Dec 13 13:44:09 PST 2016","","","3H0W84IWBL9FLKHB45BUM58NZG8ER5","AJWES6SFIP3AT","Submitted","Tue Dec 06 13:46:03 PST 2016","Tue Dec 06 14:03:54 PST 2016","Fri Dec 09 14:03:54 PST 2016","","","","1071","0% (0/0)","0% (0/0)","0% (0/0)","http://spellout.net/ibexexps/nadine/IEintrospectionA/experiment.html","AJWES6SFIP3AT"
"344M16OZKIMRK2SPLWPCO17T6TXNEN","3KAKS2ULSER7HUX5SI4NVOBNM9NTMC","Participate in a linguistic experiment","Answer a 15 minute questionnaire","linguistic experiment pictures","$1.50","Tue Dec 06 13:44:09 PST 2016","5","BatchId:2621448;","3600","259200","Tue Dec 13 13:44:09 PST 2016","","","3K772S5NP9I2WQ3880Z0816HC7AHEB","A1UGD2VEVSML1U","Submitted","Tue Dec 06 13:45:36 PST 2016","Tue Dec 06 13:54:58 PST 2016","Fri Dec 09 13:54:58 PST 2016","","","","562","0% (0/0)","0% (0/0)","0% (0/0)","http://spellout.net/ibexexps/nadine/IEintrospectionA/experiment.html","A1UGD2VEVSML1U"
"344M16OZKIMRK2SPLWPCO17T6TXNEN","3KAKS2ULSER7HUX5SI4NVOBNM9NTMC","Participate in a linguistic experiment","Answer a 15 minute questionnaire","linguistic experiment pictures","$1.50","Tue Dec 06 13:44:09 PST 2016","5","BatchId:2621448;","3600","259200","Tue Dec 13 13:44:09 PST 2016","","","3PW9OPU9PRRZXZ6EDR1EEDHLYFQ21X","A5NHP0N1XC09K","Submitted","Tue Dec 06 14:44:27 PST 2016","Tue Dec 06 15:08:59 PST 2016","Fri Dec 09 15:08:59 PST 2016","","","","1472","0% (0/0)","0% (0/0)","0% (0/0)","http://spellout.net/ibexexps/nadine/IEintrospectionA/experiment.html","A5NHP0N1XC09K"
"344M16OZKIMRK2SPLWPCO17T6TXNEN","3KAKS2ULSER7HUX5SI4NVOBNM9NTMC","Participate in a linguistic experiment","Answer a 15 minute questionnaire","linguistic experiment pictures","$1.50","Tue Dec 06 13:44:09 PST 2016","5","BatchId:2621448;","3600","259200","Tue Dec 13 13:44:09 PST 2016","","","3VD82FOHKRVXR95HGMOV2M3F3HBOCD","AR22D9E55HQBF","Submitted","Tue Dec 06 13:46:05 PST 2016","Tue Dec 06 13:54:32 PST 2016","Fri Dec 09 13:54:32 PST 2016","","","","507","100% (1/1)","0% (0/0)","0% (0/0)","http://spellout.net/ibexexps/nadine/IEintrospectionA/experiment.html","AR22D9E55HQBF"
"3M0556243SRJQGSLG79I6JSTIUCNF5","3KAKS2ULSER7HUX5SI4NVOBNM9NTMC","Participate in a linguistic experiment","Answer a 15 minute questionnaire","linguistic experiment pictures","$1.50","Tue Dec 06 13:44:09 PST 2016","5","BatchId:2621448;","3600","259200","Tue Dec 13 13:44:09 PST 2016","","","32VNZTT0A8BXTIKIFZZHDJWWMRER4C","A3QSPK06FA1BYZ","Submitted","Tue Dec 06 13:46:17 PST 2016","Tue Dec 06 13:55:50 PST 2016","Fri Dec 09 13:55:50 PST 2016","","","","573","0% (0/0)","0% (0/0)","0% (0/0)","http://spellout.net/ibexexps/nadine/IEintrospectionB/experiment.html","A3QSPK06FA1BYZ"
"3M0556243SRJQGSLG79I6JSTIUCNF5","3KAKS2ULSER7HUX5SI4NVOBNM9NTMC","Participate in a linguistic experiment","Answer a 15 minute questionnaire","linguistic experiment pictures","$1.50","Tue Dec 06 13:44:09 PST 2016","5","BatchId:2621448;","3600","259200","Tue Dec 13 13:44:09 PST 2016","","","374TNBHA8C2DFOJ2RRYOOIQYL6BQYV","A1BXEU20OCUGVZ","Submitted","Tue Dec 06 14:41:48 PST 2016","Tue Dec 06 15:21:41 PST 2016","Fri Dec 09 15:21:41 PST 2016","","","","2393","0% (0/0)","0% (0/0)","0% (0/0)","http://spellout.net/ibexexps/nadine/IEintrospectionB/experiment.html","A1BXEU20OCUGVZ"
"3M0556243SRJQGSLG79I6JSTIUCNF5","3KAKS2ULSER7HUX5SI4NVOBNM9NTMC","Participate in a linguistic experiment","Answer a 15 minute questionnaire","linguistic experiment pictures","$1.50","Tue Dec 06 13:44:09 PST 2016","5","BatchId:2621448;","3600","259200","Tue Dec 13 13:44:09 PST 2016","","","3HQUKB7LNGLEG0UAY176T43U4N2HHR","AK3H5QRAROFGP","Submitted","Tue Dec 06 13:45:58 PST 2016","Tue Dec 06 14:11:24 PST 2016","Fri Dec 09 14:11:24 PST 2016","","","","1526","100% (2/2)","0% (0/0)","0% (0/0)","http://spellout.net/ibexexps/nadine/IEintrospectionB/experiment.html","AK3H5QRAROFGP"
"3M0556243SRJQGSLG79I6JSTIUCNF5","3KAKS2ULSER7HUX5SI4NVOBNM9NTMC","Participate in a linguistic experiment","Answer a 15 minute questionnaire","linguistic experiment pictures","$1.50","Tue Dec 06 13:44:09 PST 2016","5","BatchId:2621448;","3600","259200","Tue Dec 13 13:44:09 PST 2016","","","3PMBY0YE28AUKM1BEX5D5W8Q8IPC9N","A299CU7U9QX3E7","Submitted","Tue Dec 06 13:46:17 PST 2016","Tue Dec 06 14:10:44 PST 2016","Fri Dec 09 14:10:44 PST 2016","","","","1467","100% (2/2)","0% (0/0)","0% (0/0)","http://spellout.net/ibexexps/nadine/IEintrospectionB/experiment.html","A299CU7U9QX3E7"
"3M0556243SRJQGSLG79I6JSTIUCNF5","3KAKS2ULSER7HUX5SI4NVOBNM9NTMC","Participate in a linguistic experiment","Answer a 15 minute questionnaire","linguistic experiment pictures","$1.50","Tue Dec 06 13:44:09 PST 2016","5","BatchId:2621448;","3600","259200","Tue Dec 13 13:44:09 PST 2016","","","3YGXWBAF71OTNGVZX29MOOXAMQBC4R","ASF5V3K4IFP4K","Submitted","Tue Dec 06 13:46:00 PST 2016","Tue Dec 06 13:53:24 PST 2016","Fri Dec 09 13:53:24 PST 2016","","","","444","100% (2/2)","0% (0/0)","0% (0/0)","http://spellout.net/ibexexps/nadine/IEintrospectionB/experiment.html","ASF5V3K4IFP4K"
"3XABXM4AJ1CVEYVQOLVT0L6C01MQ8E","3KAKS2ULSER7HUX5SI4NVOBNM9NTMC","Participate in a linguistic experiment","Answer a 15 minute questionnaire","linguistic experiment pictures","$1.50","Tue Dec 06 13:44:09 PST 2016","5","BatchId:2621448;","3600","259200","Tue Dec 13 13:44:09 PST 2016","","","39GHHAVOMGYGVU157UQ8BSA5CAK4JX","AUAN582MLI96N","Submitted","Tue Dec 06 13:45:34 PST 2016","Tue Dec 06 14:04:21 PST 2016","Fri Dec 09 14:04:21 PST 2016","","","","1127","100% (1/1)","0% (0/0)","0% (0/0)","http://spellout.net/ibexexps/nadine/IEintrospectionA/experiment.html","AUAN582MLI96N"
"3XABXM4AJ1CVEYVQOLVT0L6C01MQ8E","3KAKS2ULSER7HUX5SI4NVOBNM9NTMC","Participate in a linguistic experiment","Answer a 15 minute questionnaire","linguistic experiment pictures","$1.50","Tue Dec 06 13:44:09 PST 2016","5","BatchId:2621448;","3600","259200","Tue Dec 13 13:44:09 PST 2016","","","3IRIK4HM3BR723ZDGQ21LMHOIHHC6C","A1OBB3PWYWK9KK","Submitted","Tue Dec 06 13:47:28 PST 2016","Tue Dec 06 14:03:25 PST 2016","Fri Dec 09 14:03:25 PST 2016","","","","957","0% (0/0)","0% (0/0)","0% (0/0)","http://spellout.net/ibexexps/nadine/IEintrospectionA/experiment.html","A1OBB3PWYWK9KK"
"3XABXM4AJ1CVEYVQOLVT0L6C01MQ8E","3KAKS2ULSER7HUX5SI4NVOBNM9NTMC","Participate in a linguistic experiment","Answer a 15 minute questionnaire","linguistic experiment pictures","$1.50","Tue Dec 06 13:44:09 PST 2016","5","BatchId:2621448;","3600","259200","Tue Dec 13 13:44:09 PST 2016","","","3TE3O85731FNQ45VBLGTK4ZY2DIR2G","A1WISFBL3J5Z12","Submitted","Tue Dec 06 13:46:04 PST 2016","Tue Dec 06 14:30:40 PST 2016","Fri Dec 09 14:30:40 PST 2016","","","","2676","0% (0/0)","0% (0/0)","0% (0/0)","http://spellout.net/ibexexps/nadine/IEintrospectionA/experiment.html","A1WISFBL3J5Z12"
"3XABXM4AJ1CVEYVQOLVT0L6C01MQ8E","3KAKS2ULSER7HUX5SI4NVOBNM9NTMC","Participate in a linguistic experiment","Answer a 15 minute questionnaire","linguistic experiment pictures","$1.50","Tue Dec 06 13:44:09 PST 2016","5","BatchId:2621448;","3600","259200","Tue Dec 13 13:44:09 PST 2016","","","3TOK3KHVJUPRFSALP5GKM0B126KO7K","A610SH5RY1NG1","Submitted","Tue Dec 06 13:45:38 PST 2016","Tue Dec 06 14:08:13 PST 2016","Fri Dec 09 14:08:13 PST 2016","","","","1355","100% (3/3)","0% (0/0)","0% (0/0)","http://spellout.net/ibexexps/nadine/IEintrospectionA/experiment.html","A610SH5RY1NG1"
"3XABXM4AJ1CVEYVQOLVT0L6C01MQ8E","3KAKS2ULSER7HUX5SI4NVOBNM9NTMC","Participate in a linguistic experiment","Answer a 15 minute questionnaire","linguistic experiment pictures","$1.50","Tue Dec 06 13:44:09 PST 2016","5","BatchId:2621448;","3600","259200","Tue Dec 13 13:44:09 PST 2016","","","3VAR3R6G1Q8VF6F4ZA8Q007WDQQO87","A3KCZB9IL6CVH","Submitted","Tue Dec 06 13:45:57 PST 2016","Tue Dec 06 14:12:26 PST 2016","Fri Dec 09 14:12:26 PST 2016","","","","1589","100% (1/1)","100% (1/1)","100% (1/1)","http://spellout.net/ibexexps/nadine/IEintrospectionA/experiment.html","A3KCZB9IL6CVH"
"3ZC62PVYDHH52WXAI72DASJYODIXXQ","3KAKS2ULSER7HUX5SI4NVOBNM9NTMC","Participate in a linguistic experiment","Answer a 15 minute questionnaire","linguistic experiment pictures","$1.50","Tue Dec 06 13:44:09 PST 2016","5","BatchId:2621448;","3600","259200","Tue Dec 13 13:44:09 PST 2016","","","33LKR6A5KFRTHY0RW6LAF0QBYS11TM","A2WCV7ULUPKVNQ","Submitted","Tue Dec 06 14:04:19 PST 2016","Tue Dec 06 14:42:00 PST 2016","Fri Dec 09 14:42:00 PST 2016","","","","2261","0% (0/0)","0% (0/0)","0% (0/0)","http://spellout.net/ibexexps/nadine/IEintrospectionB/experiment.html","A2WCV7ULUPKVNQ"
"3ZC62PVYDHH52WXAI72DASJYODIXXQ","3KAKS2ULSER7HUX5SI4NVOBNM9NTMC","Participate in a linguistic experiment","Answer a 15 minute questionnaire","linguistic experiment pictures","$1.50","Tue Dec 06 13:44:09 PST 2016","5","BatchId:2621448;","3600","259200","Tue Dec 13 13:44:09 PST 2016","","","379J5II41PN4IMMYZLEY0TZOTOJELF","A17D6BK59S31BM","Submitted","Tue Dec 06 13:45:43 PST 2016","Tue Dec 06 14:28:41 PST 2016","Fri Dec 09 14:28:41 PST 2016","","","","2578","0% (0/0)","0% (0/0)","0% (0/0)","http://spellout.net/ibexexps/nadine/IEintrospectionB/experiment.html","A17D6BK59S31BM"
"3ZC62PVYDHH52WXAI72DASJYODIXXQ","3KAKS2ULSER7HUX5SI4NVOBNM9NTMC","Participate in a linguistic experiment","Answer a 15 minute questionnaire","linguistic experiment pictures","$1.50","Tue Dec 06 13:44:09 PST 2016","5","BatchId:2621448;","3600","259200","Tue Dec 13 13:44:09 PST 2016","","","3CTOC39K38XDEHJO9SOFE4UF3CAJ7W","A1ZWJF3V4NXN6H","Submitted","Tue Dec 06 13:45:39 PST 2016","Tue Dec 06 14:06:45 PST 2016","Fri Dec 09 14:06:45 PST 2016","","","","1266","100% (1/1)","0% (0/0)","0% (0/0)","http://spellout.net/ibexexps/nadine/IEintrospectionB/experiment.html","A1ZWJF3V4NXN6H"
"3ZC62PVYDHH52WXAI72DASJYODIXXQ","3KAKS2ULSER7HUX5SI4NVOBNM9NTMC","Participate in a linguistic experiment","Answer a 15 minute questionnaire","linguistic experiment pictures","$1.50","Tue Dec 06 13:44:09 PST 2016","5","BatchId:2621448;","3600","259200","Tue Dec 13 13:44:09 PST 2016","","","3ZAK8W07I5L8AMUY0S7K6RT3CE4U05","AVFTMBOZ8TRQS","Submitted","Tue Dec 06 14:47:21 PST 2016","Tue Dec 06 15:02:28 PST 2016","Fri Dec 09 15:02:28 PST 2016","","","","907","0% (0/0)","0% (0/0)","0% (0/0)","http://spellout.net/ibexexps/nadine/IEintrospectionB/experiment.html","AVFTMBOZ8TRQS"
"3ZC62PVYDHH52WXAI72DASJYODIXXQ","3KAKS2ULSER7HUX5SI4NVOBNM9NTMC","Participate in a linguistic experiment","Answer a 15 minute questionnaire","linguistic experiment pictures","$1.50","Tue Dec 06 13:44:09 PST 2016","5","BatchId:2621448;","3600","259200","Tue Dec 13 13:44:09 PST 2016","","","3ZPBJO59KQ8X4KP8C5OG2JOWCV9HDI","ANZKTE853UXSD","Submitted","Tue Dec 06 13:45:36 PST 2016","Tue Dec 06 13:59:25 PST 2016","Fri Dec 09 13:59:25 PST 2016","","","","829","100% (4/4)","0% (0/0)","0% (0/0)","http://spellout.net/ibexexps/nadine/IEintrospectionB/experiment.html","ANZKTE853UXSD"
"3LOJFQ4BOXMLKQTMSOMCQR84CMRDKF","3KAKS2ULSER7HUX5SI4NVOBNM9NTMC","Participate in a linguistic experiment","Answer a 15 minute questionnaire","linguistic experiment pictures","$1.50","Tue Dec 06 13:44:09 PST 2016","5","BatchId:2621448;","3600","259200","Tue Dec 13 13:44:09 PST 2016","","","3BEFOD78W706W27QAR30RK2MG4F4M1","A13HZKB2NGZP6B","Submitted","Tue Dec 06 13:45:43 PST 2016","Tue Dec 06 14:20:39 PST 2016","Fri Dec 09 14:20:39 PST 2016","","","","2096","0% (0/0)","0% (0/0)","0% (0/0)","http://spellout.net/ibexexps/nadine/IEintrospectionA/experiment.html","A13HZKB2NGZP6B"
"3LOJFQ4BOXMLKQTMSOMCQR84CMRDKF","3KAKS2ULSER7HUX5SI4NVOBNM9NTMC","Participate in a linguistic experiment","Answer a 15 minute questionnaire","linguistic experiment pictures","$1.50","Tue Dec 06 13:44:09 PST 2016","5","BatchId:2621448;","3600","259200","Tue Dec 13 13:44:09 PST 2016","","","3D3VGR7TA1MCBM1EFLUY3E4Q8RIR3R","AGRKG3YT3KMD8","Submitted","Tue Dec 06 13:46:10 PST 2016","Tue Dec 06 14:31:09 PST 2016","Fri Dec 09 14:31:09 PST 2016","","","","2699","0% (0/0)","0% (0/0)","0% (0/0)","http://spellout.net/ibexexps/nadine/IEintrospectionA/experiment.html","AGRKG3YT3KMD8"
"3LOJFQ4BOXMLKQTMSOMCQR84CMRDKF","3KAKS2ULSER7HUX5SI4NVOBNM9NTMC","Participate in a linguistic experiment","Answer a 15 minute questionnaire","linguistic experiment pictures","$1.50","Tue Dec 06 13:44:09 PST 2016","5","BatchId:2621448;","3600","259200","Tue Dec 13 13:44:09 PST 2016","","","3GGAI1SQEW59R6K5369IAIEA8HXCMN","ATBIPUCO3EKS6","Submitted","Tue Dec 06 14:30:04 PST 2016","Tue Dec 06 14:47:41 PST 2016","Fri Dec 09 14:47:41 PST 2016","","","","1057","0% (0/0)","0% (0/0)","0% (0/0)","http://spellout.net/ibexexps/nadine/IEintrospectionA/experiment.html","ATBIPUCO3EKS6"
"3LOJFQ4BOXMLKQTMSOMCQR84CMRDKF","3KAKS2ULSER7HUX5SI4NVOBNM9NTMC","Participate in a linguistic experiment","Answer a 15 minute questionnaire","linguistic experiment pictures","$1.50","Tue Dec 06 13:44:09 PST 2016","5","BatchId:2621448;","3600","259200","Tue Dec 13 13:44:09 PST 2016","","","3PPTZCWALRRDKET7ND072PZ0R0FQZM","A3EWCWQBNJF0QV","Submitted","Tue Dec 06 13:46:00 PST 2016","Tue Dec 06 14:14:53 PST 2016","Fri Dec 09 14:14:53 PST 2016","","","","1733","0% (0/0)","0% (0/0)","0% (0/0)","http://spellout.net/ibexexps/nadine/IEintrospectionA/experiment.html","A3EWCWQBNJF0QV"
"3LOJFQ4BOXMLKQTMSOMCQR84CMRDKF","3KAKS2ULSER7HUX5SI4NVOBNM9NTMC","Participate in a linguistic experiment","Answer a 15 minute questionnaire","linguistic experiment pictures","$1.50","Tue Dec 06 13:44:09 PST 2016","5","BatchId:2621448;","3600","259200","Tue Dec 13 13:44:09 PST 2016","","","3UN61F00HXWFP1OIT4IRIB2AMN9R5H","A37E36IPU0BJX5","Submitted","Tue Dec 06 13:46:23 PST 2016","Tue Dec 06 14:42:24 PST 2016","Fri Dec 09 14:42:24 PST 2016","","","","3361","100% (1/1)","0% (0/0)","0% (0/0)","http://spellout.net/ibexexps/nadine/IEintrospectionA/experiment.html","A37E36IPU0BJX5"
"3IJ95K7NDXJP4GOGRRF0O4S5J9CNG4","3KAKS2ULSER7HUX5SI4NVOBNM9NTMC","Participate in a linguistic experiment","Answer a 15 minute questionnaire","linguistic experiment pictures","$1.50","Tue Dec 06 13:44:09 PST 2016","5","BatchId:2621448;","3600","259200","Tue Dec 13 13:44:09 PST 2016","","","3300DTYQT3OF9J2BRQMUHFYI3U6EQ4","AWSMZI0NXR4OW","Submitted","Tue Dec 06 13:46:03 PST 2016","Tue Dec 06 13:57:53 PST 2016","Fri Dec 09 13:57:53 PST 2016","","","","710","0% (0/0)","0% (0/0)","0% (0/0)","http://spellout.net/ibexexps/nadine/IEintrospectionB/experiment.html","AWSMZI0NXR4OW"
"3IJ95K7NDXJP4GOGRRF0O4S5J9CNG4","3KAKS2ULSER7HUX5SI4NVOBNM9NTMC","Participate in a linguistic experiment","Answer a 15 minute questionnaire","linguistic experiment pictures","$1.50","Tue Dec 06 13:44:09 PST 2016","5","BatchId:2621448;","3600","259200","Tue Dec 13 13:44:09 PST 2016","","","33F859I567K4PNROY9XA7T0W9AZBH7","A2O9DCJ35SXHXI","Submitted","Tue Dec 06 14:44:15 PST 2016","Tue Dec 06 15:29:02 PST 2016","Fri Dec 09 15:29:02 PST 2016","","","","2687","0% (0/0)","0% (0/0)","0% (0/0)","http://spellout.net/ibexexps/nadine/IEintrospectionB/experiment.html","A2O9DCJ35SXHXI"
"3IJ95K7NDXJP4GOGRRF0O4S5J9CNG4","3KAKS2ULSER7HUX5SI4NVOBNM9NTMC","Participate in a linguistic experiment","Answer a 15 minute questionnaire","linguistic experiment pictures","$1.50","Tue Dec 06 13:44:09 PST 2016","5","BatchId:2621448;","3600","259200","Tue Dec 13 13:44:09 PST 2016","","","39GHHAVOMGYGVU157UQ8BSA5CAKJ4C","A1SLJKNSNHOJRN","Submitted","Tue Dec 06 13:45:52 PST 2016","Tue Dec 06 14:17:18 PST 2016","Fri Dec 09 14:17:18 PST 2016","","","","1886","0% (0/0)","0% (0/0)","0% (0/0)","http://spellout.net/ibexexps/nadine/IEintrospectionB/experiment.html","A1SLJKNSNHOJRN"
"3IJ95K7NDXJP4GOGRRF0O4S5J9CNG4","3KAKS2ULSER7HUX5SI4NVOBNM9NTMC","Participate in a linguistic experiment","Answer a 15 minute questionnaire","linguistic experiment pictures","$1.50","Tue Dec 06 13:44:09 PST 2016","5","BatchId:2621448;","3600","259200","Tue Dec 13 13:44:09 PST 2016","","","3SNLUL3WO5UL7IJKPLT34BLRFCDLU3","A2Q7BWWDXGQJQR","Submitted","Tue Dec 06 13:46:11 PST 2016","Tue Dec 06 13:56:32 PST 2016","Fri Dec 09 13:56:32 PST 2016","","","","621","0% (0/0)","0% (0/0)","0% (0/0)","http://spellout.net/ibexexps/nadine/IEintrospectionB/experiment.html","A2Q7BWWDXGQJQR"
"3IJ95K7NDXJP4GOGRRF0O4S5J9CNG4","3KAKS2ULSER7HUX5SI4NVOBNM9NTMC","Participate in a linguistic experiment","Answer a 15 minute questionnaire","linguistic experiment pictures","$1.50","Tue Dec 06 13:44:09 PST 2016","5","BatchId:2621448;","3600","259200","Tue Dec 13 13:44:09 PST 2016","","","3TR2532VIQ1UAH5JQIJN8QUJ81QJ6X","AMPMTF5IAAMK8","Submitted","Tue Dec 06 13:45:37 PST 2016","Tue Dec 06 14:05:28 PST 2016","Fri Dec 09 14:05:28 PST 2016","","","","1191","100% (3/3)","0% (0/0)","0% (0/0)","http://spellout.net/ibexexps/nadine/IEintrospectionB/experiment.html","AMPMTF5IAAMK8"
"3JHB4BPSFKGVS3E0TD170H1NK74Q93","3KAKS2ULSER7HUX5SI4NVOBNM9NTMC","Participate in a linguistic experiment","Answer a 15 minute questionnaire","linguistic experiment pictures","$1.50","Tue Dec 06 13:44:09 PST 2016","5","BatchId:2621448;","3600","259200","Tue Dec 13 13:44:09 PST 2016","","","3EICBYG6453JQYEK09WQUQMT4N1JCP","AJMWTFJTL8RLM","Submitted","Tue Dec 06 13:46:12 PST 2016","Tue Dec 06 14:00:19 PST 2016","Fri Dec 09 14:00:19 PST 2016","","","","847","0% (0/0)","0% (0/0)","0% (0/0)","http://spellout.net/ibexexps/nadine/IEintrospectionA/experiment.html","AJMWTFJTL8RLM"
"3JHB4BPSFKGVS3E0TD170H1NK74Q93","3KAKS2ULSER7HUX5SI4NVOBNM9NTMC","Participate in a linguistic experiment","Answer a 15 minute questionnaire","linguistic experiment pictures","$1.50","Tue Dec 06 13:44:09 PST 2016","5","BatchId:2621448;","3600","259200","Tue Dec 13 13:44:09 PST 2016","","","3PZDLQMM0USJK2GCTOQYV90C2CFC2V","A3OF74BCJPJ4XF","Submitted","Tue Dec 06 13:46:04 PST 2016","Tue Dec 06 14:00:44 PST 2016","Fri Dec 09 14:00:44 PST 2016","","","","880","0% (0/0)","0% (0/0)","0% (0/0)","http://spellout.net/ibexexps/nadine/IEintrospectionA/experiment.html","A3OF74BCJPJ4XF"
"3JHB4BPSFKGVS3E0TD170H1NK74Q93","3KAKS2ULSER7HUX5SI4NVOBNM9NTMC","Participate in a linguistic experiment","Answer a 15 minute questionnaire","linguistic experiment pictures","$1.50","Tue Dec 06 13:44:09 PST 2016","5","BatchId:2621448;","3600","259200","Tue Dec 13 13:44:09 PST 2016","","","3TMSXRD2X77L9F4LRBQL2KXA2MJ1WC","A1WA3VMWGQJPYS","Submitted","Tue Dec 06 13:45:36 PST 2016","Tue Dec 06 13:56:01 PST 2016","Fri Dec 09 13:56:01 PST 2016","","","","625","0% (0/0)","0% (0/0)","0% (0/0)","http://spellout.net/ibexexps/nadine/IEintrospectionA/experiment.html","A1WA3VMWGQJPYS"
"3JHB4BPSFKGVS3E0TD170H1NK74Q93","3KAKS2ULSER7HUX5SI4NVOBNM9NTMC","Participate in a linguistic experiment","Answer a 15 minute questionnaire","linguistic experiment pictures","$1.50","Tue Dec 06 13:44:09 PST 2016","5","BatchId:2621448;","3600","259200","Tue Dec 13 13:44:09 PST 2016","","","3TVRFO09GLMDOMDFUQ4QOIKV9UULXV","A39MOCMDRIOSJM","Submitted","Tue Dec 06 13:46:05 PST 2016","Tue Dec 06 14:16:12 PST 2016","Fri Dec 09 14:16:12 PST 2016","","","","1807","0% (0/0)","0% (0/0)","0% (0/0)","http://spellout.net/ibexexps/nadine/IEintrospectionA/experiment.html","A39MOCMDRIOSJM"
"3JHB4BPSFKGVS3E0TD170H1NK74Q93","3KAKS2ULSER7HUX5SI4NVOBNM9NTMC","Participate in a linguistic experiment","Answer a 15 minute questionnaire","linguistic experiment pictures","$1.50","Tue Dec 06 13:44:09 PST 2016","5","BatchId:2621448;","3600","259200","Tue Dec 13 13:44:09 PST 2016","","","3XM0HYN6NL6U971WRD75HA88YYKEPD","A32CRWJESR6AX4","Submitted","Tue Dec 06 13:46:07 PST 2016","Tue Dec 06 14:21:12 PST 2016","Fri Dec 09 14:21:12 PST 2016","","","","2105","0% (0/0)","0% (0/0)","0% (0/0)","http://spellout.net/ibexexps/nadine/IEintrospectionA/experiment.html","A32CRWJESR6AX4"
"3QHITW7OYOG9XMO5LJF7WCC7QPMQAI","3KAKS2ULSER7HUX5SI4NVOBNM9NTMC","Participate in a linguistic experiment","Answer a 15 minute questionnaire","linguistic experiment pictures","$1.50","Tue Dec 06 13:44:09 PST 2016","5","BatchId:2621448;","3600","259200","Tue Dec 13 13:44:09 PST 2016","","","3LQ8PUHQFMZECV5U4JPRTG4940HHIK","A87D3K9YVKTQ7","Submitted","Tue Dec 06 13:46:13 PST 2016","Tue Dec 06 14:06:59 PST 2016","Fri Dec 09 14:06:59 PST 2016","","","","1246","100% (1/1)","0% (0/0)","0% (0/0)","http://spellout.net/ibexexps/nadine/IEintrospectionB/experiment.html","A87D3K9YVKTQ7"
"3QHITW7OYOG9XMO5LJF7WCC7QPMQAI","3KAKS2ULSER7HUX5SI4NVOBNM9NTMC","Participate in a linguistic experiment","Answer a 15 minute questionnaire","linguistic experiment pictures","$1.50","Tue Dec 06 13:44:09 PST 2016","5","BatchId:2621448;","3600","259200","Tue Dec 13 13:44:09 PST 2016","","","3ND9UOO81L9YZM8PKL84MZ6O0SOLW2","AYCGL8UG3ZVVK","Submitted","Tue Dec 06 13:46:20 PST 2016","Tue Dec 06 14:33:51 PST 2016","Fri Dec 09 14:33:51 PST 2016","","","","2851","0% (0/0)","0% (0/0)","0% (0/0)","http://spellout.net/ibexexps/nadine/IEintrospectionB/experiment.html","AYCGL8UG3ZVVK"
"3QHITW7OYOG9XMO5LJF7WCC7QPMQAI","3KAKS2ULSER7HUX5SI4NVOBNM9NTMC","Participate in a linguistic experiment","Answer a 15 minute questionnaire","linguistic experiment pictures","$1.50","Tue Dec 06 13:44:09 PST 2016","5","BatchId:2621448;","3600","259200","Tue Dec 13 13:44:09 PST 2016","","","3PS7W85Z809B633M0J03U68UW4P9T3","A2AGQGMZVSZVUJ","Submitted","Tue Dec 06 13:45:41 PST 2016","Tue Dec 06 14:16:24 PST 2016","Fri Dec 09 14:16:24 PST 2016","","","","1843","100% (1/1)","0% (0/0)","0% (0/0)","http://spellout.net/ibexexps/nadine/IEintrospectionB/experiment.html","A2AGQGMZVSZVUJ"
"3QHITW7OYOG9XMO5LJF7WCC7QPMQAI","3KAKS2ULSER7HUX5SI4NVOBNM9NTMC","Participate in a linguistic experiment","Answer a 15 minute questionnaire","linguistic experiment pictures","$1.50","Tue Dec 06 13:44:09 PST 2016","5","BatchId:2621448;","3600","259200","Tue Dec 13 13:44:09 PST 2016","","","3QJOXOW4XKYOO44JZXFD06EDTT9EMH","A38DXFI1TZA295","Submitted","Tue Dec 06 13:45:39 PST 2016","Tue Dec 06 14:45:00 PST 2016","Fri Dec 09 14:45:00 PST 2016","","","","3561","100% (1/1)","100% (1/1)","100% (1/1)","http://spellout.net/ibexexps/nadine/IEintrospectionB/experiment.html","A38DXFI1TZA295"
"3QHITW7OYOG9XMO5LJF7WCC7QPMQAI","3KAKS2ULSER7HUX5SI4NVOBNM9NTMC","Participate in a linguistic experiment","Answer a 15 minute questionnaire","linguistic experiment pictures","$1.50","Tue Dec 06 13:44:09 PST 2016","5","BatchId:2621448;","3600","259200","Tue Dec 13 13:44:09 PST 2016","","","3WMINLGALCA8P5BG63JD1RJAE07CA2","A30J4IZCMCR31F","Submitted","Tue Dec 06 13:46:15 PST 2016","Tue Dec 06 14:13:47 PST 2016","Fri Dec 09 14:13:47 PST 2016","","","","1652","0% (0/0)","0% (0/0)","0% (0/0)","http://spellout.net/ibexexps/nadine/IEintrospectionB/experiment.html","A30J4IZCMCR31F"
"3N2YPY1GI654S71YNNB3YI16SWZVEC","3KAKS2ULSER7HUX5SI4NVOBNM9NTMC","Participate in a linguistic experiment","Answer a 15 minute questionnaire","linguistic experiment pictures","$1.50","Tue Dec 06 13:44:09 PST 2016","5","BatchId:2621448;","3600","259200","Tue Dec 13 13:44:09 PST 2016","","","34T446B1C1LCOSDYE1MKCL7X5EVC0B","ALDKDKRBR4LXD","Submitted","Tue Dec 06 13:45:49 PST 2016","Tue Dec 06 13:59:39 PST 2016","Fri Dec 09 13:59:39 PST 2016","","","","830","0% (0/0)","0% (0/0)","0% (0/0)","http://spellout.net/ibexexps/nadine/IEintrospectionA/experiment.html","ALDKDKRBR4LXD"
"3N2YPY1GI654S71YNNB3YI16SWZVEC","3KAKS2ULSER7HUX5SI4NVOBNM9NTMC","Participate in a linguistic experiment","Answer a 15 minute questionnaire","linguistic experiment pictures","$1.50","Tue Dec 06 13:44:09 PST 2016","5","BatchId:2621448;","3600","259200","Tue Dec 13 13:44:09 PST 2016","","","388U7OUMF88GUU2HWYCF1G6J5FYR0W","A1BXFL13FNC4JZ","Submitted","Tue Dec 06 13:46:01 PST 2016","Tue Dec 06 14:04:04 PST 2016","Fri Dec 09 14:04:04 PST 2016","","","","1083","0% (0/0)","0% (0/0)","0% (0/0)","http://spellout.net/ibexexps/nadine/IEintrospectionA/experiment.html","A1BXFL13FNC4JZ"
"3N2YPY1GI654S71YNNB3YI16SWZVEC","3KAKS2ULSER7HUX5SI4NVOBNM9NTMC","Participate in a linguistic experiment","Answer a 15 minute questionnaire","linguistic experiment pictures","$1.50","Tue Dec 06 13:44:09 PST 2016","5","BatchId:2621448;","3600","259200","Tue Dec 13 13:44:09 PST 2016","","","3L4D84MIL0ZA76P0M1AR5HJ9HF6HJW","A36BQYQGN6OWVU","Submitted","Tue Dec 06 14:46:56 PST 2016","Tue Dec 06 15:06:30 PST 2016","Fri Dec 09 15:06:30 PST 2016","","","","1174","0% (0/0)","0% (0/0)","0% (0/0)","http://spellout.net/ibexexps/nadine/IEintrospectionA/experiment.html","A36BQYQGN6OWVU"
"3N2YPY1GI654S71YNNB3YI16SWZVEC","3KAKS2ULSER7HUX5SI4NVOBNM9NTMC","Participate in a linguistic experiment","Answer a 15 minute questionnaire","linguistic experiment pictures","$1.50","Tue Dec 06 13:44:09 PST 2016","5","BatchId:2621448;","3600","259200","Tue Dec 13 13:44:09 PST 2016","","","3OLQQLKKNTWYNWYYW02LKEMWPZEJEI","A3JT22BLG866CK","Submitted","Tue Dec 06 13:46:59 PST 2016","Tue Dec 06 14:31:02 PST 2016","Fri Dec 09 14:31:02 PST 2016","","","","2643","0% (0/0)","0% (0/0)","0% (0/0)","http://spellout.net/ibexexps/nadine/IEintrospectionA/experiment.html","A3JT22BLG866CK"
"3N2YPY1GI654S71YNNB3YI16SWZVEC","3KAKS2ULSER7HUX5SI4NVOBNM9NTMC","Participate in a linguistic experiment","Answer a 15 minute questionnaire","linguistic experiment pictures","$1.50","Tue Dec 06 13:44:09 PST 2016","5","BatchId:2621448;","3600","259200","Tue Dec 13 13:44:09 PST 2016","","","3Z9WI9EOZ0V5IQVI4MA36WJMW46HKV","A3PUU1XU4C1A3V","Submitted","Tue Dec 06 13:46:20 PST 2016","Tue Dec 06 13:59:49 PST 2016","Fri Dec 09 13:59:49 PST 2016","","","","809","100% (2/2)","0% (0/0)","0% (0/0)","http://spellout.net/ibexexps/nadine/IEintrospectionA/experiment.html","A3PUU1XU4C1A3V"
"35YHTYFL1GAWYL1UIYV9G0M64XEVFU","3KAKS2ULSER7HUX5SI4NVOBNM9NTMC","Participate in a linguistic experiment","Answer a 15 minute questionnaire","linguistic experiment pictures","$1.50","Tue Dec 06 13:44:09 PST 2016","5","BatchId:2621448;","3600","259200","Tue Dec 13 13:44:09 PST 2016","","","3AWETUDC93Z03G5OA5VYTN8E0QYIZB","APGX2WZ59OWDN","Submitted","Tue Dec 06 13:45:34 PST 2016","Tue Dec 06 14:44:20 PST 2016","Fri Dec 09 14:44:20 PST 2016","","","","3526","100% (2/2)","0% (0/0)","0% (0/0)","http://spellout.net/ibexexps/nadine/IEintrospectionB/experiment.html","APGX2WZ59OWDN"
"35YHTYFL1GAWYL1UIYV9G0M64XEVFU","3KAKS2ULSER7HUX5SI4NVOBNM9NTMC","Participate in a linguistic experiment","Answer a 15 minute questionnaire","linguistic experiment pictures","$1.50","Tue Dec 06 13:44:09 PST 2016","5","BatchId:2621448;","3600","259200","Tue Dec 13 13:44:09 PST 2016","","","3EG49X351VJV51A87MYOZZ2YJZ56X8","AWPB724OHY99T","Submitted","Tue Dec 06 13:45:38 PST 2016","Tue Dec 06 14:11:54 PST 2016","Fri Dec 09 14:11:54 PST 2016","","","","1576","100% (1/1)","0% (0/0)","0% (0/0)","http://spellout.net/ibexexps/nadine/IEintrospectionB/experiment.html","AWPB724OHY99T"
"35YHTYFL1GAWYL1UIYV9G0M64XEVFU","3KAKS2ULSER7HUX5SI4NVOBNM9NTMC","Participate in a linguistic experiment","Answer a 15 minute questionnaire","linguistic experiment pictures","$1.50","Tue Dec 06 13:44:09 PST 2016","5","BatchId:2621448;","3600","259200","Tue Dec 13 13:44:09 PST 2016","","","3HHRAGRYX9CVTBYE42E40W27XW89OH","A1AZ97YYFVWFGC","Submitted","Tue Dec 06 13:45:34 PST 2016","Tue Dec 06 13:58:41 PST 2016","Fri Dec 09 13:58:41 PST 2016","","","","787","100% (1/1)","100% (1/1)","0% (0/0)","http://spellout.net/ibexexps/nadine/IEintrospectionB/experiment.html","A1AZ97YYFVWFGC"
"35YHTYFL1GAWYL1UIYV9G0M64XEVFU","3KAKS2ULSER7HUX5SI4NVOBNM9NTMC","Participate in a linguistic experiment","Answer a 15 minute questionnaire","linguistic experiment pictures","$1.50","Tue Dec 06 13:44:09 PST 2016","5","BatchId:2621448;","3600","259200","Tue Dec 13 13:44:09 PST 2016","","","3HHRAGRYX9CVTBYE42E40W27XW8O9W","A3QNCW3LR2AVOV","Submitted","Tue Dec 06 13:45:55 PST 2016","Tue Dec 06 14:00:21 PST 2016","Fri Dec 09 14:00:21 PST 2016","","","","866","100% (1/1)","0% (0/0)","0% (0/0)","http://spellout.net/ibexexps/nadine/IEintrospectionB/experiment.html","A3QNCW3LR2AVOV"
"35YHTYFL1GAWYL1UIYV9G0M64XEVFU","3KAKS2ULSER7HUX5SI4NVOBNM9NTMC","Participate in a linguistic experiment","Answer a 15 minute questionnaire","linguistic experiment pictures","$1.50","Tue Dec 06 13:44:09 PST 2016","5","BatchId:2621448;","3600","259200","Tue Dec 13 13:44:09 PST 2016","","","3VNXK88KKDPQJV7B5E0IVOWFTP59VJ","A100Y89FZO4J0B","Submitted","Tue Dec 06 13:45:43 PST 2016","Tue Dec 06 14:39:25 PST 2016","Fri Dec 09 14:39:25 PST 2016","","","","3222","100% (1/1)","0% (0/0)","0% (0/0)","http://spellout.net/ibexexps/nadine/IEintrospectionB/experiment.html","A100Y89FZO4J0B"